original_path	snapshot_path
.cursor/AGENTS.md	this-pass/repo/.cursor/AGENTS.md
.cursor/BOOTSTRAP.md	this-pass/repo/.cursor/BOOTSTRAP.md
.cursor/INSTRUCTIONS.md	this-pass/repo/.cursor/INSTRUCTIONS.md
.cursor/README.md	this-pass/repo/.cursor/README.md
.cursor/STATE.md	this-pass/repo/.cursor/STATE.md
.cursor/USER.md	this-pass/repo/.cursor/USER.md
.cursor/agents/growth-marketing-subagent.md	this-pass/repo/.cursor/agents/growth-marketing-subagent.md
.cursor/agents/product-manager-subagent.md	this-pass/repo/.cursor/agents/product-manager-subagent.md
.cursor/agents/project-lead-subagent.md	this-pass/repo/.cursor/agents/project-lead-subagent.md
.cursor/agents/security-engineer-subagent.md	this-pass/repo/.cursor/agents/security-engineer-subagent.md
.cursor/agents/software-engineer-subagent.md	this-pass/repo/.cursor/agents/software-engineer-subagent.md
.cursor/agents/ui-ux-developer-subagent.md	this-pass/repo/.cursor/agents/ui-ux-developer-subagent.md
.cursor/instructions/LAUNCH.md	this-pass/repo/.cursor/instructions/LAUNCH.md
.cursor/instructions/PROJECT_PLANNING.md	this-pass/repo/.cursor/instructions/PROJECT_PLANNING.md
.cursor/instructions/ROLES.md	this-pass/repo/.cursor/instructions/ROLES.md
.cursor/instructions/SUBAGENTS.md	this-pass/repo/.cursor/instructions/SUBAGENTS.md
.cursor/memory/MEMORY.md	this-pass/repo/.cursor/memory/MEMORY.md
.cursor/memory/memories/2026-09-17-continuation.md	this-pass/repo/.cursor/memory/memories/2026-09-17-continuation.md
.cursor/memory/runbooks/agent-workspace.md	this-pass/repo/.cursor/memory/runbooks/agent-workspace.md
.cursor/rules/00-core-routing.mdc	this-pass/repo/.cursor/rules/00-core-routing.mdc
.cursor/rules/blocker-governance.mdc	this-pass/repo/.cursor/rules/blocker-governance.mdc
.cursor/rules/cost-and-session.mdc	this-pass/repo/.cursor/rules/cost-and-session.mdc
.cursor/rules/memory-governance.mdc	this-pass/repo/.cursor/rules/memory-governance.mdc
.cursor/rules/project-planning.mdc	this-pass/repo/.cursor/rules/project-planning.mdc
.cursor/rules/runbook-governance.mdc	this-pass/repo/.cursor/rules/runbook-governance.mdc
.cursor/rules/subagent-orchestration.mdc	this-pass/repo/.cursor/rules/subagent-orchestration.mdc
.cursor/scripts/bootstrap.sh	this-pass/repo/.cursor/scripts/bootstrap.sh
.cursor/scripts/validate-agent-config.mjs	this-pass/repo/.cursor/scripts/validate-agent-config.mjs
.cursor/skills/git-safety/payloads/bootstrap.sh	this-pass/repo/.cursor/skills/git-safety/payloads/bootstrap.sh
.cursor/skills/git-safety/payloads/validate-agent-config.mjs	this-pass/repo/.cursor/skills/git-safety/payloads/validate-agent-config.mjs
.cursor/skills/launch-pipeline/SKILL.md	this-pass/repo/.cursor/skills/launch-pipeline/SKILL.md
.cursor/skills/launch-pipeline/scripts/validate-launch.mjs	this-pass/repo/.cursor/skills/launch-pipeline/scripts/validate-launch.mjs
.cursor/templates/agent-governance-operator-setup.md	this-pass/repo/.cursor/templates/agent-governance-operator-setup.md
.cursor/templates/cursorignore	this-pass/repo/.cursor/templates/cursorignore
.cursor/templates/phase-plan-template.md	this-pass/repo/.cursor/templates/phase-plan-template.md
.cursor/templates/root-agents.md	this-pass/repo/.cursor/templates/root-agents.md
.cursorignore	this-pass/repo/.cursorignore
AGENTS.md	this-pass/repo/AGENTS.md
docs/decisions/2026-09-17-selective-control-plane-loading.md	this-pass/repo/docs/decisions/2026-09-17-selective-control-plane-loading.md
docs/handover/apply-context-optimization-r2.sh	this-pass/repo/docs/handover/apply-context-optimization-r2.sh
docs/handover/context-optimization-r2-payloads/.cursor/AGENTS.md	this-pass/repo/docs/handover/context-optimization-r2-payloads/.cursor/AGENTS.md
docs/handover/context-optimization-r2-payloads/.cursor/INSTRUCTIONS.md	this-pass/repo/docs/handover/context-optimization-r2-payloads/.cursor/INSTRUCTIONS.md
docs/handover/context-optimization-r2-payloads/.cursor/agents/growth-marketing-subagent.md	this-pass/repo/docs/handover/context-optimization-r2-payloads/.cursor/agents/growth-marketing-subagent.md
docs/handover/context-optimization-r2-payloads/.cursor/agents/product-manager-subagent.md	this-pass/repo/docs/handover/context-optimization-r2-payloads/.cursor/agents/product-manager-subagent.md
docs/handover/context-optimization-r2-payloads/.cursor/agents/project-lead-subagent.md	this-pass/repo/docs/handover/context-optimization-r2-payloads/.cursor/agents/project-lead-subagent.md
docs/handover/context-optimization-r2-payloads/.cursor/agents/security-engineer-subagent.md	this-pass/repo/docs/handover/context-optimization-r2-payloads/.cursor/agents/security-engineer-subagent.md
docs/handover/context-optimization-r2-payloads/.cursor/agents/software-engineer-subagent.md	this-pass/repo/docs/handover/context-optimization-r2-payloads/.cursor/agents/software-engineer-subagent.md
docs/handover/context-optimization-r2-payloads/.cursor/agents/ui-ux-developer-subagent.md	this-pass/repo/docs/handover/context-optimization-r2-payloads/.cursor/agents/ui-ux-developer-subagent.md
docs/handover/context-optimization-r2-payloads/.cursor/instructions/ROLES.md	this-pass/repo/docs/handover/context-optimization-r2-payloads/.cursor/instructions/ROLES.md
docs/handover/context-optimization-r2-payloads/.cursor/rules/00-core-routing.mdc	this-pass/repo/docs/handover/context-optimization-r2-payloads/.cursor/rules/00-core-routing.mdc
docs/handover/context-optimization-r2-payloads/.cursor/rules/blocker-governance.mdc	this-pass/repo/docs/handover/context-optimization-r2-payloads/.cursor/rules/blocker-governance.mdc
docs/handover/context-optimization-r2-payloads/.cursor/rules/cost-and-session.mdc	this-pass/repo/docs/handover/context-optimization-r2-payloads/.cursor/rules/cost-and-session.mdc
docs/handover/context-optimization-r2-payloads/.cursor/rules/git-privacy-and-secrets.mdc	this-pass/repo/docs/handover/context-optimization-r2-payloads/.cursor/rules/git-privacy-and-secrets.mdc
docs/handover/context-optimization-r2-payloads/.cursor/rules/karpathy-guidelines.mdc	this-pass/repo/docs/handover/context-optimization-r2-payloads/.cursor/rules/karpathy-guidelines.mdc
docs/handover/context-optimization-r2-payloads/.cursor/rules/memory-governance.mdc	this-pass/repo/docs/handover/context-optimization-r2-payloads/.cursor/rules/memory-governance.mdc
docs/handover/context-optimization-r2-payloads/.cursor/rules/project-planning.mdc	this-pass/repo/docs/handover/context-optimization-r2-payloads/.cursor/rules/project-planning.mdc
docs/handover/context-optimization-r2-payloads/.cursor/rules/runbook-governance.mdc	this-pass/repo/docs/handover/context-optimization-r2-payloads/.cursor/rules/runbook-governance.mdc
docs/handover/context-optimization-r2-payloads/.cursor/rules/subagent-orchestration.mdc	this-pass/repo/docs/handover/context-optimization-r2-payloads/.cursor/rules/subagent-orchestration.mdc
docs/handover/context-optimization-r2-payloads/.cursor/scripts/bootstrap.sh	this-pass/repo/docs/handover/context-optimization-r2-payloads/.cursor/scripts/bootstrap.sh
docs/handover/context-optimization-r2-payloads/.cursor/scripts/validate-agent-config.mjs	this-pass/repo/docs/handover/context-optimization-r2-payloads/.cursor/scripts/validate-agent-config.mjs
docs/handover/context-optimization-r2-payloads/.cursorignore	this-pass/repo/docs/handover/context-optimization-r2-payloads/.cursorignore
docs/handover/context-optimization-r2-payloads/AGENTS.md	this-pass/repo/docs/handover/context-optimization-r2-payloads/AGENTS.md
docs/handover/cursor-cost-operator-setup.md	this-pass/repo/docs/handover/cursor-cost-operator-setup.md
docs/plans/final_implementation_checklist.md	this-pass/repo/docs/plans/final_implementation_checklist.md
docs/plans/phase_0_foundations_plan.md	this-pass/repo/docs/plans/phase_0_foundations_plan.md
docs/workstreams/20260917-context-optimization/delivery/owner-handoff.md	this-pass/repo/docs/workstreams/20260917-context-optimization/delivery/owner-handoff.md
docs/workstreams/20260917-context-optimization/manifest.md	this-pass/repo/docs/workstreams/20260917-context-optimization/manifest.md
docs/workstreams/20260917-context-optimization/project-lead-subagent/charter.md	this-pass/repo/docs/workstreams/20260917-context-optimization/project-lead-subagent/charter.md
docs/workstreams/20260917-context-optimization/project-lead-subagent/evidence.md	this-pass/repo/docs/workstreams/20260917-context-optimization/project-lead-subagent/evidence.md
docs/workstreams/20260917-context-optimization/project-lead-subagent/handoff.md	this-pass/repo/docs/workstreams/20260917-context-optimization/project-lead-subagent/handoff.md
docs/workstreams/20260917-context-optimization/project-lead-subagent/plan.md	this-pass/repo/docs/workstreams/20260917-context-optimization/project-lead-subagent/plan.md
docs/workstreams/20260917-context-optimization/security-engineer-subagent/charter.md	this-pass/repo/docs/workstreams/20260917-context-optimization/security-engineer-subagent/charter.md
docs/workstreams/20260917-context-optimization/security-engineer-subagent/evidence.md	this-pass/repo/docs/workstreams/20260917-context-optimization/security-engineer-subagent/evidence.md
docs/workstreams/20260917-context-optimization/security-engineer-subagent/handoff.md	this-pass/repo/docs/workstreams/20260917-context-optimization/security-engineer-subagent/handoff.md
docs/workstreams/20260917-context-optimization/security-engineer-subagent/plan.md	this-pass/repo/docs/workstreams/20260917-context-optimization/security-engineer-subagent/plan.md
docs/workstreams/20260917-context-optimization/software-engineer-subagent/charter.md	this-pass/repo/docs/workstreams/20260917-context-optimization/software-engineer-subagent/charter.md
docs/workstreams/20260917-context-optimization/software-engineer-subagent/evidence.md	this-pass/repo/docs/workstreams/20260917-context-optimization/software-engineer-subagent/evidence.md
docs/workstreams/20260917-context-optimization/software-engineer-subagent/handoff.md	this-pass/repo/docs/workstreams/20260917-context-optimization/software-engineer-subagent/handoff.md
docs/workstreams/20260917-context-optimization/software-engineer-subagent/plan.md	this-pass/repo/docs/workstreams/20260917-context-optimization/software-engineer-subagent/plan.md
.cursor/rules/git-privacy-and-secrets.mdc	this-pass/repo/.cursor/rules/git-privacy-and-secrets.mdc
.cursor/rules/karpathy-guidelines.mdc	this-pass/repo/.cursor/rules/karpathy-guidelines.mdc
.cursor/rules/00-read-agent-context-first.mdc	this-pass/retired-rules/00-read-agent-context-first.mdc
.cursor/rules/core-operating-context.mdc	this-pass/retired-rules/core-operating-context.mdc
.cursor/rules/instruction-routing.mdc	this-pass/retired-rules/instruction-routing.mdc
.cursor/rules/root-canonical.mdc	this-pass/retired-rules/root-canonical.mdc
.cursor/rules/skills-file.mdc	this-pass/retired-rules/skills-file.mdc
.cursor/rules/state-and-compactification.mdc	this-pass/retired-rules/state-and-compactification.mdc
.cursor/rules/tools-file.mdc	this-pass/retired-rules/tools-file.mdc
.cursor/rules/working-memory.mdc	this-pass/retired-rules/working-memory.mdc
